<?xml version="1.0" encoding="UTF-8"?>
<beans xmlns="http://www.springframework.org/schema/beans"
	xmlns:xsi="http://www.w3.org/2001/XMLSchema-instance"
	xsi:schemaLocation="http://www.springframework.org/schema/beans http://www.springframework.org/schema/beans/spring-beans.xsd">
	
	<bean id="dataSource" class="org.apache.commons.dbcp.BasicDataSource">
	    <property name="driverClassName" value="com.mysql.jdbc.Driver" />
	    <property name="url" value="jdbc:mysql://localhost:3306/esi" />
	    <property name="username" value="root" />
	    <property name="password" value="12345" />
	    <property name="initialSize" value="2" />
	    <property name="maxActive" value="5" />
	</bean>
	 
	<bean id="sessionFactory" class="org.springframework.orm.hibernate4.LocalSessionFactoryBean">
	    <property name="dataSource" ref="dataSource" />
	    <property name="packagesToScan" value="edu.umsl.esi.floorplan" />
	    <property name="hibernateProperties">
	        <props>
	            <prop key="hibernate.dialect">org.hibernate.dialect.MySQLDialect</prop>
	            <prop key="hibernate.hbm2ddl.auto">update</prop>
	            <prop key="hibernate.show_sql">false</prop>
	        </props>
	    </property>
	</bean>
</beans>
