<?xml version="1.0" encoding="UTF-8"?>
<beans:beans xmlns="http://www.springframework.org/schema/security"
    xmlns:beans="http://www.springframework.org/schema/beans"
    xmlns:xsi="http://www.w3.org/2001/XMLSchema-instance"
    xsi:schemaLocation="http://www.springframework.org/schema/beans
http://www.springframework.org/schema/beans/spring-beans-3.1.xsd
http://www.springframework.org/schema/security
http://www.springframework.org/schema/security/spring-security-3.1.xsd">
 
    <http auto-config="true"  use-expressions="true">
        <intercept-url pattern="/login" access="permitAll" />
        <intercept-url pattern="/list" access="permitAll" />
        <intercept-url pattern="/resources/**" access="permitAll" />
        <intercept-url pattern="/logout" access="permitAll" />
        <intercept-url pattern="/accessdenied" access="permitAll" />
        <intercept-url pattern="/user" access="hasRole('ROLE_USER')" />
        <intercept-url pattern="/admin" access="hasRole('ROLE_ADMIN')" />
        <intercept-url pattern="/manager" access="hasRole('ROLE_MANAGER')" />
        <form-login login-page="/login" default-target-url="/" authentication-failure-url="/accessdenied" />
        <logout logout-success-url="/logout" />
    </http>
 
    <authentication-manager alias="authenticationManager">
        <authentication-provider>
            <user-service>
                <user name="user" password="user123" authorities="ROLE_USER" />
                <user name="admin" password="admin123" authorities="ROLE_ADMIN" />
                <user name="manager" password="manager123" authorities="ROLE_MANAGER" />
            </user-service>
        </authentication-provider>
    </authentication-manager>
</beans:beans>